Rank,Model,Train RMSE,Test RMSE,CV RMSE,Prev Test RMSE,Scaled,Best Params
1,ElasticNet,0.11034171072106241,0.13211535878494166,,0.1321153587849416,Yes,"{'alpha': 0.001, 'l1_ratio': 0.1}"
2,LassoCV,0.12033515463087884,0.13308144023795604,built-in,0.133081440237956,Yes,α=6.16e-04
3,BayesianRidge,0.11497833228962479,0.13520696681473088,N/A,0.1352069668147304,Yes,default
4,Ridge,0.10557074186954263,0.13777391725180035,,0.1377739172517735,Yes,{'alpha': 0.001}
5,LinearRegression,0.10557072770681428,0.13778700951806508,N/A,0.1377870095180649,No,default
6,TweedieRegressor,0.1072937016229901,0.13789759669684148,,0.1375988201080097,Yes,"{'alpha': 0.0, 'power': 0}"
7,SGDRegressor,0.1933597207138307,0.21036517842671543,,0.2103651784267154,Yes,"{'alpha': 0.0001, 'eta0': 0.01, 'learning_rate': 'constant', 'loss': 'squared_error'}"
