Rank,Model,Train RMSE,Test RMSE,CV RMSE,Prev Test RMSE,Scaled,Best Params
1,TheilSen,0.13488672117940595,0.12959921576392167,,,Yes,{'max_subpopulation': 1000}
2,RANSAC_Huber,0.13520083176032235,0.13020543722882227,,,Yes,"{'min_samples': 0.5, 'residual_threshold': 0.5}"
3,HuberRegressor,0.13503939689754385,0.13038161217968036,,,Yes,"{'alpha': 0.0001, 'epsilon': 1.2}"
4,LassoCV,0.13462569310206166,0.13122503752022882,built-in,,Yes,α=2.07e-03
5,ElasticNet,0.1337782116662915,0.13174088596175837,,,Yes,"{'alpha': 0.001, 'l1_ratio': 0.1}"
6,Ridge,0.13373913336886656,0.13219899271425328,,,Yes,{'alpha': 0.001}
7,PLSRegression,0.14559321988562904,0.13901164912369557,,,Yes,{'n_components': 2}
8,LinearRegression,0.1377988659594,0.14159890915256895,N/A,,No,default
9,KNeighborsRegressor,0.1202072812376352,0.16475743299731838,,,Yes,"{'n_neighbors': 3, 'p': 1, 'weights': 'uniform'}"
