Rank,Model,Train RMSE,Test RMSE,CV RMSE,Prev Test RMSE,Scaled,Best Params
1,ElasticNet,0.1103417107210624,0.13211535878494168,,0.1184186323062052,Yes,"{'alpha': 0.001, 'l1_ratio': 0.1}"
2,LassoCV,0.12033515463087884,0.133081440237956,built-in,0.1170678421788597,Yes,α=6.16e-04
3,BayesianRidge,0.1149783322896246,0.13520696681473046,N/A,0.1205405943079652,Yes,default
4,TweedieRegressor,0.10741360712266709,0.13759882010800972,,0.1269497783303043,Yes,"{'alpha': 0.0, 'power': 0}"
5,Ridge,0.10557074186954264,0.13777391725177354,,0.1274633102535032,Yes,{'alpha': 0.001}
6,LinearRegression,0.10557072770681422,0.13778700951806497,N/A,0.1274829967328871,No,default
7,SGDRegressor,0.19335972071383065,0.21036517842671543,,0.1875650263670228,Yes,"{'alpha': 0.0001, 'eta0': 0.01, 'learning_rate': 'constant', 'loss': 'squared_error'}"
