Rank,Model,Train RMSE,Test RMSE,CV RMSE,Prev Test RMSE,Scaled,Best Params
1,ElasticNet,0.11003964008718498,0.13156849951878993,,0.1321153587849416,Yes,"{'alpha': 0.001, 'l1_ratio': 0.1}"
2,LassoCV,0.12020939931387362,0.1326371133926344,built-in,0.133081440237956,Yes,α=6.16e-04
3,BayesianRidge,0.11458433347290739,0.13434803124183206,N/A,0.1352069668147308,Yes,default
4,TweedieRegressor,0.10751049599789125,0.13635820369178286,,0.1378975966968414,Yes,"{'alpha': 0.0, 'power': 0}"
5,Ridge,0.10538090194342446,0.13691191181133383,,0.1377739172518003,Yes,{'alpha': 0.001}
6,LinearRegression,0.10538088898397621,0.13692485682364788,N/A,0.137787009518065,No,default
7,SGDRegressor,0.1938884711804752,0.21037064068857933,,0.2103651784267154,Yes,"{'alpha': 0.0001, 'eta0': 0.01, 'learning_rate': 'constant', 'loss': 'squared_error'}"
