Rank,Model,Train RMSE,Test RMSE,CV RMSE,Prev Test RMSE,Scaled,Best Params
1,LassoCV,0.1093592396674737,0.12250092222210308,built-in,0.122556897291314,Yes,α=6.16e-04
2,ElasticNet,0.10010741678093533,0.12251297139495826,,0.1225655122156145,Yes,"{'alpha': 0.001, 'l1_ratio': 0.1}"
3,BayesianRidge,0.11058950069920709,0.12596399839818245,N/A,0.1260048318816317,Yes,default
4,Ridge,0.09393213558030461,0.12935920493073866,,0.1293950002804913,Yes,{'alpha': 0.001}
5,LinearRegression,0.09393211221066375,0.12937647233274782,N/A,0.1294122195303035,No,default
6,HuberRegressor,0.1328098058705155,0.13091581342147737,,0.1313036574744502,Yes,"{'alpha': 0.0001, 'epsilon': 1.2}"
7,TweedieRegressor,0.1728070338951833,0.16500846689871496,,0.1652499142586382,Yes,"{'alpha': 0.0, 'power': 0}"
8,SGDRegressor,6.084172737816564e+17,5.887335395065199e+17,,5.887335303286207e+17,Yes,"{'alpha': 0.0001, 'eta0': 0.01, 'learning_rate': 'constant', 'loss': 'squared_error'}"
