Rank,Model,Train RMSE,Test RMSE,CV RMSE,Prev Test RMSE,Scaled,Best Params
1,LassoCV,0.10789716659641457,0.11767886136467405,built-in,0.1172076323339251,Yes,α=6.16e-04
2,ElasticNet,0.09816722437608708,0.11946015493896206,,0.1185618782669127,Yes,"{'alpha': 0.001, 'l1_ratio': 0.1}"
3,BayesianRidge,0.10428703119811401,0.12160442475212602,N/A,0.1205759743069666,Yes,default
4,LinearRegression,0.0913597385049875,0.12620073012783137,N/A,0.1258520186237886,No,default
5,Ridge,0.09141067128666287,0.12632714352245294,,0.1259312173882807,Yes,{'alpha': 0.001}
6,TweedieRegressor,0.09692442830512811,0.12905065909553934,,0.1281187936723837,Yes,"{'alpha': 0.0, 'power': 0}"
7,SGDRegressor,0.16217109434620114,0.18246144231443553,,0.1856785349444036,Yes,"{'alpha': 0.0001, 'eta0': 0.01, 'learning_rate': 'constant', 'loss': 'squared_error'}"
