Rank,Model,Train RMSE,Test RMSE,CV RMSE,Prev Test RMSE,Scaled,Best Params
1,LassoCV,0.10797901533833022,0.11757852714449415,built-in,0.1175785271444941,Yes,α=6.16e-04
2,ElasticNet,0.09819074490177672,0.11943526828379644,,0.1194352682837965,Yes,"{'alpha': 0.001, 'l1_ratio': 0.1}"
3,BayesianRidge,0.10426242973015354,0.12160578500410768,N/A,0.1216057850041072,Yes,default
4,Ridge,0.09256317798727669,0.1281924859324048,,0.1281924859324084,Yes,{'alpha': 0.001}
5,LinearRegression,0.09256315651264356,0.12821133826217523,N/A,0.1282113382621753,No,default
6,TweedieRegressor,0.09672155719486764,0.12946181020651357,,0.1292624002557413,Yes,"{'alpha': 0.0, 'power': 0}"
7,SGDRegressor,0.14195047063879782,0.15784602539395737,,0.1578460253939576,Yes,"{'alpha': 0.0001, 'eta0': 0.01, 'learning_rate': 'constant', 'loss': 'squared_error'}"
