Rank,Model,Train RMSE,Test RMSE,CV RMSE,Prev Test RMSE,Scaled,Best Params
1,LassoCV,0.10800743732356144,0.11672927174781894,built-in,0.122500922222103,Yes,α=6.16e-04
2,ElasticNet,0.09765846340188934,0.11827573551383176,,0.1225129713949582,Yes,"{'alpha': 0.001, 'l1_ratio': 0.1}"
3,BayesianRidge,0.10391499564868893,0.12011396337415707,N/A,0.1259639983981824,Yes,default
4,Ridge,0.09206972189116416,0.12751116772047977,,0.1293592049307386,Yes,{'alpha': 0.001}
5,LinearRegression,0.09206970091634878,0.12753144570944402,N/A,0.1293764723327478,No,default
6,TweedieRegressor,0.09554146688089615,0.12938347212771092,,0.1650084668987149,Yes,"{'alpha': 0.0, 'power': 0}"
7,HuberRegressor,0.09821548900001106,0.13402136289396502,,0.1309158134214773,Yes,"{'alpha': 0.0001, 'epsilon': 1.2}"
8,SGDRegressor,0.198965542861457,0.21045027702486696,,5.887335395065199e+17,Yes,"{'alpha': 0.0001, 'eta0': 0.01, 'learning_rate': 'constant', 'loss': 'squared_error'}"
