Rank,Model,Train RMSE,Test RMSE,CV RMSE,Prev Test RMSE,Scaled,Best Params
1,LassoCV,0.10748440445149363,0.11720763233392519,built-in,0.1170678421788597,Yes,α=6.16e-04
2,ElasticNet,0.09778518845958768,0.1185618782669127,,0.1184186323062052,Yes,"{'alpha': 0.001, 'l1_ratio': 0.1}"
3,BayesianRidge,0.10423021345530403,0.12057597430696666,N/A,0.1205405943079652,Yes,default
4,LinearRegression,0.09099624623455516,0.12585201862378867,N/A,0.1274829967328871,No,default
5,Ridge,0.09104245863420285,0.1259312173882807,,0.1274633102535032,Yes,{'alpha': 0.001}
6,TweedieRegressor,0.09494107908314317,0.12811879367238377,,0.1269497783303043,Yes,"{'alpha': 0.0, 'power': 0}"
7,SGDRegressor,0.16664911940270197,0.18567853494440362,,0.1875650263670228,Yes,"{'alpha': 0.0001, 'eta0': 0.01, 'learning_rate': 'constant', 'loss': 'squared_error'}"
