Rank,Model,Train RMSE,Test RMSE,CV RMSE,Prev Test RMSE,Scaled,Best Params
1,LassoCV,0.10797901533833015,0.11757852714449415,built-in,0.117678861364674,Yes,α=6.16e-04
2,ElasticNet,0.09819074490177675,0.1194352682837965,,0.119460154938962,Yes,"{'alpha': 0.001, 'l1_ratio': 0.1}"
3,BayesianRidge,0.10426242973015358,0.12160578500410726,N/A,0.1216044247521256,Yes,default
4,Ridge,0.09256317798727674,0.12819248593240845,,0.1263271435224732,Yes,{'alpha': 0.001}
5,LinearRegression,0.09256315651264359,0.1282113382621753,N/A,0.1262007301278314,No,default
6,TweedieRegressor,0.09699054553205279,0.12926240025574134,,0.1285172562381254,Yes,"{'alpha': 0.0, 'power': 0}"
7,SGDRegressor,0.14195047063879798,0.15784602539395765,,0.1824614423144355,Yes,"{'alpha': 0.0001, 'eta0': 0.01, 'learning_rate': 'constant', 'loss': 'squared_error'}"
