Rank,Model,Train RMSE,Test RMSE,CV RMSE,Prev Test RMSE,Scaled,Best Params
1,LassoCV,0.10906326427412497,0.11912302620997606,built-in,0.1167292717478189,Yes,α=6.16e-04
2,ElasticNet,0.09854228810833084,0.12052647141951169,,0.1182757355138317,Yes,"{'alpha': 0.001, 'l1_ratio': 0.1}"
3,BayesianRidge,0.10490018448910174,0.12244689918875445,N/A,0.120113963374157,Yes,default
4,Ridge,0.0929625237167272,0.12944494186616975,,0.1275111677204797,Yes,{'alpha': 0.001}
5,LinearRegression,0.09296250228213594,0.12946555222636869,N/A,0.127531445709444,No,default
6,TweedieRegressor,0.0961169749501515,0.12958969223536246,,0.1293834721277109,Yes,"{'alpha': 0.0, 'power': 0}"
7,HuberRegressor,0.09895101902629722,0.13502019262245474,,0.134021362893965,Yes,"{'alpha': 0.0001, 'epsilon': 1.2}"
8,SGDRegressor,0.1725701389967889,0.19171127934344567,,0.2104502770248669,Yes,"{'alpha': 0.0001, 'eta0': 0.01, 'learning_rate': 'constant', 'loss': 'squared_error'}"
