Rank,Model,Train RMSE,Test RMSE,CV RMSE,Prev Test RMSE,Scaled,Best Params
1,ElasticNet,0.10623415285305877,0.1211342996413111,,0.1193318105145077,Yes,"{'alpha': 0.001, 'l1_ratio': 0.1}"
2,BayesianRidge,0.11251840611707085,0.12367099052551372,N/A,0.120113963374157,Yes,default
3,LassoCV,0.1252062461139946,0.12536183867961986,built-in,0.1178715116826467,Yes,α=2.07e-03
4,Ridge,0.10159359800373904,0.1256360965299327,,0.1280014560502729,Yes,{'alpha': 0.001}
5,LinearRegression,0.1015935822975246,0.12564381759661178,N/A,0.1280213948469694,No,default
6,TweedieRegressor,0.10416758423455562,0.12776024848276116,,0.1279189266801521,Yes,"{'alpha': 0.0, 'power': 0}"
7,HuberRegressor,0.10594932651443734,0.13047919959938814,,0.1346009240883703,Yes,"{'alpha': 0.0001, 'epsilon': 1.2}"
8,SGDRegressor,0.19571030467662806,0.20624537760652303,,0.203421866675557,Yes,"{'alpha': 0.0001, 'eta0': 0.01, 'learning_rate': 'constant', 'loss': 'squared_error'}"
