Rank,Model,Train RMSE,Test RMSE,CV RMSE,Prev Test RMSE,Scaled,Best Params
1,LassoCV,0.10842003323779255,0.11787151168264677,built-in,0.1167292717478189,Yes,α=6.16e-04
2,ElasticNet,0.09802569921807718,0.11933181051450771,,0.1182757355138317,Yes,"{'alpha': 0.001, 'l1_ratio': 0.1}"
3,TweedieRegressor,0.09529870493121584,0.1279189266801521,,0.1293834721277109,Yes,"{'alpha': 0.0, 'power': 0}"
4,Ridge,0.09234143964926929,0.1280014560502729,,0.1275111677204797,Yes,{'alpha': 0.001}
5,LinearRegression,0.09234141824415526,0.1280213948469694,N/A,0.127531445709444,No,default
6,RANSAC_Huber,0.09973694038050343,0.12896209330235178,,0.127565192227308,Yes,"{'min_samples': 0.5, 'residual_threshold': 0.5}"
7,HuberRegressor,0.09850799906096261,0.13460092408837035,,0.134021362893965,Yes,"{'alpha': 0.0001, 'epsilon': 1.2}"
8,OrthogonalMatchingPursuit,0.18430269111008768,0.1887094086843364,,0.1887094086843364,Yes,{'n_nonzero_coefs': 5}
9,SGDRegressor,0.19174131326212657,0.20342186667555703,,0.2104502770248669,Yes,"{'alpha': 0.0001, 'eta0': 0.01, 'learning_rate': 'constant', 'loss': 'squared_error'}"
