Rank,Model,Train RMSE,Test RMSE,CV RMSE,Prev Test RMSE,Scaled,Best Params
1,LassoCV,0.10934852720344004,0.12255689729131401,built-in,0.1167292717478189,Yes,α=6.16e-04
2,ElasticNet,0.10010154644697301,0.12256551221561453,,0.1182757355138317,Yes,"{'alpha': 0.001, 'l1_ratio': 0.1}"
3,BayesianRidge,0.11057626127291045,0.12600483188163175,N/A,0.120113963374157,Yes,default
4,Ridge,0.09392848006423263,0.1293950002804913,,0.1275111677204797,Yes,{'alpha': 0.001}
5,LinearRegression,0.09392845671664285,0.12941221953030352,N/A,0.127531445709444,No,default
6,HuberRegressor,0.13297388501763427,0.1313036574744502,,0.134021362893965,Yes,"{'alpha': 0.0001, 'epsilon': 1.2}"
7,TweedieRegressor,0.17278202070470852,0.16524991425863825,,0.1293834721277109,Yes,"{'alpha': 0.0, 'power': 0}"
8,SGDRegressor,6.084172649505376e+17,5.887335303286207e+17,,0.2104502770248669,Yes,"{'alpha': 0.0001, 'eta0': 0.01, 'learning_rate': 'constant', 'loss': 'squared_error'}"
