Rank,Model,Train RMSE,Test RMSE,CV RMSE,Prev Test RMSE,Scaled,Best Params
1,LassoCV,0.10758487848436125,0.11706784217885971,built-in,0.1326371133926344,Yes,α=6.16e-04
2,ElasticNet,0.09780022041500673,0.1184186323062052,,0.1315684995187899,Yes,"{'alpha': 0.001, 'l1_ratio': 0.1}"
3,BayesianRidge,0.10419975560273864,0.12054059430796521,N/A,0.134348031241832,Yes,default
4,TweedieRegressor,0.09515475963809365,0.1269497783303043,,0.1363582036917828,Yes,"{'alpha': 0.0, 'power': 0}"
5,Ridge,0.09212389088621466,0.12746331025350324,,0.1369119118113338,Yes,{'alpha': 0.001}
6,LinearRegression,0.09212386904594011,0.12748299673288718,N/A,0.1369248568236478,No,default
7,SGDRegressor,0.1679219360027784,0.18756502636702288,,0.2103706406885793,Yes,"{'alpha': 0.0001, 'eta0': 0.01, 'learning_rate': 'constant', 'loss': 'squared_error'}"
