Rank,Model,Train RMSE,Test RMSE,CV RMSE,Prev Test RMSE,Scaled,Best Params
1,LassoCV,0.10789716659641457,0.11767886136467408,built-in,0.117678861364674,Yes,α=6.16e-04
2,ElasticNet,0.09816722437608706,0.11946015493896205,,0.119460154938962,Yes,"{'alpha': 0.001, 'l1_ratio': 0.1}"
3,BayesianRidge,0.10428703119811362,0.12160442475212568,N/A,0.121604424752126,Yes,default
4,LinearRegression,0.0913597385049875,0.12620073012783142,N/A,0.1262007301278313,No,default
5,Ridge,0.09141067128666064,0.1263271435224732,,0.1263271435224529,Yes,{'alpha': 0.001}
6,TweedieRegressor,0.09698637785316706,0.1285172562381254,,0.1290506590955393,Yes,"{'alpha': 0.0, 'power': 0}"
7,SGDRegressor,0.16217109434620114,0.1824614423144355,,0.1824614423144355,Yes,"{'alpha': 0.0001, 'eta0': 0.01, 'learning_rate': 'constant', 'loss': 'squared_error'}"
