Rank,Model,Train RMSE,Test RMSE,CV RMSE,Prev Test RMSE,Scaled,Best Params
1,LassoCV,0.10876828039876715,0.11941659955001847,built-in,0.119123026209976,Yes,α=6.16e-04
2,ElasticNet,0.0986038889497919,0.11998465956207485,,0.1205264714195116,Yes,"{'alpha': 0.001, 'l1_ratio': 0.1}"
3,BayesianRidge,0.10569024303768215,0.12259808836845518,N/A,0.1224468991887544,Yes,default
4,Ridge,0.09268754503917778,0.1279150127483433,,0.1294449418661697,Yes,{'alpha': 0.001}
5,LinearRegression,0.09268752196960256,0.12793342738315022,N/A,0.1294655522263686,No,default
6,TweedieRegressor,0.09454384972179583,0.12946418553162398,,0.1295896922353624,Yes,"{'alpha': 0.0, 'power': 0}"
7,HuberRegressor,0.09851196566194971,0.13068379613821948,,0.1350201926224547,Yes,"{'alpha': 0.0001, 'epsilon': 1.2}"
8,SGDRegressor,0.14287506613591405,0.16564576328750916,,0.1917112793434456,Yes,"{'alpha': 0.0001, 'eta0': 0.01, 'learning_rate': 'constant', 'loss': 'squared_error'}"
