Rank,Model,Train RMSE,Test RMSE,CV RMSE,Prev Test RMSE,Scaled,Best Params
1,LassoCV,0.1284838458776056,0.1837757020126215,built-in,0.1167292717478189,Yes,α=3.36e-04
2,ElasticNet,0.1250297799375661,0.1841617150575328,,0.1182757355138317,Yes,"{'alpha': 0.001, 'l1_ratio': 0.1}"
3,Ridge,0.1194052716608303,0.18966148609219904,,0.1275111677204797,Yes,{'alpha': 0.001}
4,LinearRegression,0.11940522118649301,0.1897631168752102,N/A,0.127531445709444,No,default
5,BayesianRidge,0.13604960240448077,0.19706313313419538,N/A,0.120113963374157,Yes,default
6,TweedieRegressor,0.14410038627594937,0.20184465878147897,,0.1293834721277109,Yes,"{'alpha': 0.0, 'power': 0}"
7,SGDRegressor,15561533511334.232,13013669397157.549,,0.2104502770248669,Yes,"{'alpha': 0.0001, 'eta0': 0.01, 'learning_rate': 'constant', 'loss': 'squared_error'}"
